file,label
engpass/1000882_31216524_91246543.html,Irrelevant
engpass/1000882_31216672_89345771.html,Irrelevant
engpass/1000882_31407800_91246620.html,Irrelevant
engpass/1000882_31407872_181975530.html,Irrelevant
engpass/1000882_31407976_102716831.html,Irrelevant
engpass/1000882_31408004_91247415.html,Irrelevant
engpass/1000882_32287243_99735653.html,Irrelevant
engpass/1000882_32287267_99736018.html,Irrelevant
engpass/1000882_32287366_178362440.html,Irrelevant
engpass/1000882_32287370_114299184.html,Irrelevant
engpass/1000882_32287627_114300410.html,Irrelevant
engpass/1000882_32287669_178364761.html,Irrelevant
engpass/1000882_32287772_99739942.html,Irrelevant
engpass/1000882_32287813_114303591.html,Irrelevant
engpass/1000882_32287862_178367265.html,Irrelevant
engpass/1000882_32287917_99741499.html,Irrelevant
engpass/1000882_32287996_99742180.html,Irrelevant
engpass/1000882_32288157_99742700.html,Irrelevant
engpass/1000882_32288319_178373454.html,Irrelevant
engpass/1000882_32288414_178373380.html,Irrelevant
engpass/1000882_32288421_111957388.html,Irrelevant
engpass/1000882_32288425_111957380.html,Irrelevant
engpass/1000882_32288428_111957310.html,Irrelevant
engpass/1000882_32288430_111957410.html,Irrelevant
engpass/1000882_32288435_102715692.html,Irrelevant
engpass/1000882_32288436_102715706.html,Irrelevant
engpass/1000882_32288438_102715718.html,Irrelevant
engpass/1000882_32288439_99743657.html,Irrelevant
engpass/1000882_32289602_108560272.html,Irrelevant
engpass/1000882_32290286_99747467.html,Irrelevant
engpass/1000882_32290324_111958434.html,Irrelevant
engpass/1000882_32290730_125416990.html,Irrelevant
engpass/1000882_32291251_105177554.html,Irrelevant
engpass/1000882_32291374_102721204.html,Irrelevant
engpass/1000882_32291479_114319520.html,Irrelevant
engpass/1000882_32566199_102702934.html,Irrelevant
engpass/1000882_32566217_102703050.html,Irrelevant
engpass/1000882_32566395_178363649.html,Irrelevant
engpass/1000882_32566397_181981244.html,Irrelevant
engpass/1000882_32566456_178365549.html,Irrelevant
engpass/1000882_32566513_102704468.html,Irrelevant
engpass/1000882_32566836_178373416.html,Irrelevant
engpass/1000882_32566837_178373483.html,Irrelevant
engpass/1000882_32566838_178373535.html,Irrelevant
engpass/1000882_32566840_111957337.html,Irrelevant
engpass/1000882_32566841_111957340.html,Irrelevant
engpass/1000882_32566843_111957355.html,Irrelevant
engpass/1000882_32566845_111957375.html,Irrelevant
engpass/1000882_32566846_111957354.html,Irrelevant
engpass/1000882_32566999_125417173.html,Irrelevant
engpass/1000882_32567452_102725175.html,Irrelevant
engpass/1000882_32795593_105171436.html,Irrelevant
engpass/1000882_32795948_111948642.html,Irrelevant
engpass/1000882_32795949_111948718.html,Irrelevant
engpass/1000882_32796148_114303717.html,Irrelevant
engpass/1000882_32796183_181986938.html,Irrelevant
engpass/1000882_32796206_125402452.html,Irrelevant
engpass/1000882_32796270_105176150.html,Irrelevant
engpass/1000882_33145093_108557362.html,Irrelevant
engpass/1000882_33145205_108558445.html,Irrelevant
engpass/1000882_33145358_111952580.html,Irrelevant
engpass/1000882_33145448_114307538.html,Irrelevant
engpass/1000882_33145503_111957336.html,Irrelevant
engpass/1000882_33147685_114319184.html,Irrelevant
engpass/1000882_33412971_111930775.html,Irrelevant
engpass/1000882_33413842_111945329.html,Irrelevant
engpass/1000882_33413949_114302351.html,Irrelevant
engpass/1000882_33414909_114318783.html,Irrelevant
engpass/1000882_33522512_114293233.html,Irrelevant
engpass/1000882_33522808_114302452.html,Irrelevant
engpass/1000882_33522889_125402366.html,Irrelevant
engpass/1000882_33522895_114304896.html,Irrelevant
engpass/1000882_33522992_178371251.html,Irrelevant
engpass/1000882_33993305_125395047.html,Irrelevant
engpass/1000882_33993359_125395254.html,Irrelevant
engpass/1000882_33993395_125395412.html,Irrelevant
engpass/1000882_33993400_125395421.html,Irrelevant
engpass/1000882_33993408_125395441.html,Irrelevant
engpass/1000882_33993503_125396503.html,Irrelevant
engpass/1000882_33993608_125402205.html,Irrelevant
engpass/1000882_33993709_125405176.html,Irrelevant
engpass/1000882_33993728_125405532.html,Irrelevant
engpass/1000882_33993738_125405618.html,Irrelevant
engpass/1000882_33994017_125416527.html,Irrelevant
engpass/1000882_35658037_178361406.html,Irrelevant
engpass/1000882_35658068_178361746.html,Irrelevant
engpass/1000882_35658125_182000909.html,Irrelevant
engpass/1000882_35658126_178362161.html,Irrelevant
engpass/1000882_35658192_178362715.html,Irrelevant
engpass/1000882_35658203_178362808.html,Irrelevant
engpass/1000882_35658204_178362819.html,Irrelevant
engpass/1000882_35658304_181980943.html,Irrelevant
engpass/1000882_35658310_181981415.html,Irrelevant
engpass/1000882_35658316_181981753.html,Irrelevant
engpass/1000882_35658320_181981996.html,Irrelevant
engpass/1000882_35658326_178363935.html,Irrelevant
engpass/1000882_35658342_181982377.html,Irrelevant
engpass/1000882_35658372_181983844.html,Irrelevant
engpass/1000882_35658380_181984181.html,Irrelevant
engpass/1000882_35658424_178365237.html,Irrelevant
engpass/1000882_35658431_178365316.html,Irrelevant
engpass/1000882_35658433_178365337.html,Irrelevant
engpass/1000882_35658465_178365942.html,Irrelevant
engpass/1000882_35658523_181990321.html,Irrelevant
engpass/1000882_35658525_181990531.html,Irrelevant
engpass/1000882_35658554_178367370.html,Irrelevant
engpass/1000882_35658561_181987694.html,Irrelevant
engpass/1000882_35658656_178368857.html,Irrelevant
engpass/1000882_35658657_178368878.html,Irrelevant
engpass/1000882_35658700_178370216.html,Irrelevant
engpass/1000882_35658872_178373237.html,Irrelevant
engpass/1000882_35658905_178373721.html,Irrelevant
engpass/1000882_35658906_178373756.html,Irrelevant
engpass/1000882_35658909_178373805.html,Irrelevant
engpass/1000882_35658910_178373828.html,Irrelevant
engpass/1000882_35658911_178373847.html,Irrelevant
engpass/1000882_35658912_178373873.html,Irrelevant
engpass/1000882_35658919_178374012.html,Irrelevant
engpass/1000882_35658976_178376571.html,Irrelevant
engpass/1000882_35658982_178376732.html,Irrelevant
engpass/1000882_35658995_178377370.html,Irrelevant
engpass/1000882_35659019_178377886.html,Irrelevant
engpass/1000882_35659089_178380201.html,Irrelevant
engpass/1000882_35659200_178383661.html,Irrelevant
engpass/1000882_35659214_178384222.html,Irrelevant
engpass/1000882_35659244_178384867.html,Irrelevant
engpass/1000882_35659259_178384968.html,Irrelevant
engpass/1000882_35659881_178394031.html,Irrelevant
engpass/1000882_35749083_181974457.html,Irrelevant
engpass/1000882_35749090_181974631.html,Irrelevant
engpass/1000882_35749152_181976223.html,Irrelevant
engpass/1000882_35749203_181977358.html,Irrelevant
engpass/1000882_35749211_181977540.html,Irrelevant
engpass/1000882_35749230_181978262.html,Irrelevant
engpass/1000882_35749250_181978848.html,Irrelevant
engpass/1000882_35749649_181999054.html,Irrelevant
engpass/100546_177463_3061386.html,Irrelevant
engpass/1010775_31654679_107256703.html,Irrelevant
engpass/1010776_31654680_107029692.html,Irrelevant
engpass/101266_178690_3064963.html,Malware as a service
engpass/103049_189656_2193663.html,Irrelevant
engpass/103049_189657_2193682.html,Irrelevant
engpass/103049_190003_2078221.html,Irrelevant
engpass/103049_190315_1861976.html,Irrelevant
engpass/103049_191058_2118432.html,Irrelevant
engpass/103049_191778_1954479.html,Irrelevant
engpass/103049_199625_2179441.html,Irrelevant
engpass/104875_196526_2072007.html,Irrelevant
engpass/104875_196534_2072041.html,Irrelevant
engpass/104875_196538_2072046.html,Malware as a service
engpass/1054115_32242899_212224552.html,Irrelevant
engpass/1054115_32242900_212224554.html,Irrelevant
engpass/1054115_32242903_212224558.html,Irrelevant
engpass/1054115_32242905_212224560.html,Irrelevant
engpass/1054115_32242909_212224563.html,Irrelevant
engpass/1054115_32242914_212224567.html,Irrelevant
engpass/1054115_32242919_212224569.html,Irrelevant
engpass/1054115_32242925_212224574.html,Irrelevant
engpass/1054115_32242931_212224579.html,Irrelevant
engpass/1054115_32242937_212224580.html,Irrelevant
engpass/1054115_32242942_212224581.html,Irrelevant
engpass/1054115_32242948_212224585.html,Irrelevant
engpass/1054115_32242951_212224587.html,Irrelevant
engpass/1054115_32242955_212224590.html,Irrelevant
engpass/1054115_32242957_212224591.html,Irrelevant
engpass/1054115_32242962_212224595.html,Irrelevant
engpass/1054115_32242964_212224600.html,Irrelevant
engpass/1054115_32242965_212224603.html,Irrelevant
engpass/1054115_32242966_212224605.html,Irrelevant
engpass/1054115_32242973_212224607.html,Irrelevant
engpass/1054115_32242978_212224610.html,Irrelevant
engpass/1054115_32242981_212224614.html,Irrelevant
engpass/1054115_32242987_212224616.html,Irrelevant
engpass/1054115_32242990_212224619.html,Irrelevant
engpass/1054115_32242993_212224627.html,Irrelevant
engpass/1054115_32242997_212224629.html,Irrelevant
engpass/1054115_32243001_212224633.html,Irrelevant
engpass/1054115_32243002_212224638.html,Irrelevant
engpass/1054115_32243003_212224640.html,Irrelevant
engpass/1054115_32243004_212224643.html,Irrelevant
engpass/1054115_32243005_212224648.html,Irrelevant
engpass/1054115_32243006_212224650.html,Irrelevant
engpass/1054115_32243007_212224655.html,Irrelevant
engpass/1054115_32243009_212224659.html,Irrelevant
engpass/1054115_32243010_212224661.html,Irrelevant
engpass/1054115_32243012_212224667.html,Irrelevant
engpass/1054115_32243013_212224671.html,Irrelevant
engpass/1054115_32243014_212224673.html,Irrelevant
engpass/1054115_32243015_212224674.html,Irrelevant
engpass/1054115_32243016_212224677.html,Irrelevant
engpass/1054115_32243018_212224681.html,Irrelevant
engpass/1054115_32243019_212224684.html,Irrelevant
engpass/1054115_32243020_212224687.html,Irrelevant
engpass/1054115_32243021_212224692.html,Irrelevant
engpass/1054115_32243022_212224696.html,Irrelevant
engpass/1054115_32243023_212224699.html,Irrelevant
engpass/1054115_32243024_212224703.html,Irrelevant
engpass/1054115_32243025_212224707.html,Irrelevant
engpass/1054115_32243026_212224709.html,Irrelevant
engpass/1054115_32243027_212224711.html,Irrelevant
engpass/1054115_32243028_212224715.html,Irrelevant
engpass/1054115_32243029_212224719.html,Irrelevant
engpass/1054115_32243030_212224727.html,Irrelevant
engpass/1054115_32243031_212224729.html,Irrelevant
engpass/1054115_32243032_212224732.html,Irrelevant
engpass/1054115_32243033_212224736.html,Irrelevant
engpass/1054115_32243034_212224741.html,Irrelevant
engpass/1054115_32243035_212224745.html,Irrelevant
engpass/1054115_32243036_212224752.html,Irrelevant
engpass/1054115_32243037_212224755.html,Irrelevant
engpass/1054115_32243038_212224758.html,Irrelevant
engpass/1054115_32243039_212224759.html,Irrelevant
engpass/1054115_32243040_212224760.html,Irrelevant
engpass/1054115_32243041_212224764.html,Irrelevant
engpass/1054115_32243042_212224770.html,Irrelevant
engpass/1054115_32243043_212224774.html,Irrelevant
engpass/1054115_32243044_212224779.html,Irrelevant
engpass/1054115_32243045_212224780.html,Irrelevant
engpass/1054115_32243047_212224785.html,Irrelevant
engpass/1054115_32243048_212224789.html,Irrelevant
engpass/1054115_32243049_212224792.html,Irrelevant
engpass/1054115_32243050_212224796.html,Irrelevant
engpass/1054115_32243051_212224806.html,Irrelevant
engpass/1054115_32243052_212224810.html,Irrelevant
engpass/1054115_32243053_212224814.html,Irrelevant
engpass/1054115_32243054_212224817.html,Irrelevant
engpass/1054115_32243055_212224821.html,Irrelevant
engpass/1054115_32243056_212224823.html,Irrelevant
engpass/1054115_32243058_212224826.html,Irrelevant
engpass/1054115_32243059_212224830.html,Irrelevant
engpass/1054115_32243060_212224832.html,Irrelevant
engpass/1054115_32243061_212224836.html,Irrelevant
engpass/1054115_32243062_212224843.html,Irrelevant
engpass/1054115_32243064_212224845.html,Irrelevant
engpass/1054115_32243065_212224849.html,Irrelevant
engpass/1054115_32243067_212224852.html,Irrelevant
engpass/1054115_32243068_212224854.html,Irrelevant
engpass/1054115_32243069_212224863.html,Irrelevant
engpass/1054115_32243070_212224868.html,Irrelevant
engpass/1054115_32243071_212224874.html,Irrelevant
engpass/1054115_32243073_212224882.html,Irrelevant
engpass/1054115_32243074_212224884.html,Irrelevant
engpass/1054115_33672117_212224892.html,Irrelevant
engpass/1054115_33672118_212224898.html,Irrelevant
engpass/1054115_34870272_212224865.html,Irrelevant
engpass/1054115_35082563_212224858.html,Irrelevant
engpass/105784_198280_2166392.html,Irrelevant
engpass/1070152_32880364_115984195.html,Attack as a service
engpass/107538_204815_2418926.html,Malware as a service
engpass/107538_207076_2418944.html,Irrelevant
engpass/1144815_33476161_327874120.html,Irrelevant
engpass/1144815_33476162_325274334.html,Irrelevant
engpass/1144815_33476163_173556550.html,Irrelevant
engpass/1144815_33476164_173556536.html,Irrelevant
engpass/1144815_33476165_173556542.html,Irrelevant
engpass/1144815_33476166_325274346.html,Irrelevant
engpass/1144815_33476167_173556556.html,Irrelevant
engpass/1144815_33476168_325274353.html,Irrelevant
engpass/1144815_33476169_173556572.html,Irrelevant
engpass/1144815_33476170_173556633.html,Irrelevant
engpass/1144815_33476171_173556658.html,Irrelevant
engpass/1144815_33476172_173556558.html,Irrelevant
engpass/1144815_33476173_173556639.html,Irrelevant
engpass/1144815_33476174_173556561.html,Irrelevant
engpass/1144815_33476175_173556594.html,Irrelevant
engpass/1144815_33476176_173556581.html,Irrelevant
engpass/1144815_33476177_173556569.html,Irrelevant
engpass/1144815_33476178_162423258.html,Irrelevant
engpass/1144815_33476179_162423260.html,Irrelevant
engpass/1144815_33476180_162423270.html,Irrelevant
engpass/1144815_33476181_173556601.html,Irrelevant
engpass/1144815_33476183_162423265.html,Irrelevant
engpass/1144815_33476186_162423285.html,Irrelevant
engpass/1144815_33476188_162423320.html,Irrelevant
engpass/1144815_33476189_162423280.html,Irrelevant
engpass/1144815_33476190_162423331.html,Irrelevant
engpass/1144815_33476191_162423338.html,Irrelevant
engpass/1144815_33476192_162423346.html,Irrelevant
engpass/1144815_33476194_325274645.html,Irrelevant
engpass/1144815_33476195_325274599.html,Irrelevant
engpass/1144815_33476198_325274584.html,Irrelevant
engpass/1144815_33476200_325274656.html,Irrelevant
engpass/1144815_33476201_173556647.html,Irrelevant
engpass/1144815_33476203_162423356.html,Irrelevant
engpass/1144815_33476206_162423363.html,Irrelevant
engpass/1144815_33476207_162423365.html,Irrelevant
engpass/1144815_33476208_173556645.html,Irrelevant
engpass/1144815_33476209_173556650.html,Irrelevant
engpass/1144815_33476211_162423376.html,Irrelevant
engpass/1144815_33476212_162423375.html,Irrelevant
engpass/1144815_33476215_162423386.html,Irrelevant
engpass/1144815_33476216_173556665.html,Irrelevant
engpass/1144815_33476219_162423322.html,Irrelevant
engpass/1144815_33476220_162423316.html,Irrelevant
engpass/1144815_33841100_325274613.html,Irrelevant
engpass/1144815_33841102_325274672.html,Irrelevant
engpass/1144815_34021110_173556534.html,Irrelevant
engpass/1144815_34021112_162423252.html,Irrelevant
engpass/1144815_34902240_173556533.html,Irrelevant
engpass/1144815_34902242_162423256.html,Irrelevant
engpass/1144815_35031846_173556528.html,Irrelevant
engpass/1144815_35031847_173556527.html,Irrelevant
engpass/1144815_35031848_162423249.html,Irrelevant
engpass/1144815_35031849_162423251.html,Irrelevant
engpass/1144815_35185199_173556531.html,Irrelevant
engpass/1144815_35587557_325274710.html,Irrelevant
engpass/1144815_35587558_325274719.html,Irrelevant
engpass/1144815_35587560_325274728.html,Irrelevant
engpass/1144815_35587561_325274698.html,Irrelevant
engpass/1144815_35587564_325274465.html,Irrelevant
engpass/1144815_35587565_325275559.html,Irrelevant
engpass/1144815_35587567_325275987.html,Irrelevant
engpass/1144815_35587568_325274490.html,Irrelevant
engpass/1144815_35587569_325275989.html,Irrelevant
engpass/1144815_35587570_325275995.html,Irrelevant
engpass/1144815_35587571_325274536.html,Irrelevant
engpass/1144815_35587572_325274504.html,Irrelevant
engpass/1144815_35587573_325274542.html,Irrelevant
engpass/1144815_35587574_325274575.html,Irrelevant
engpass/1144815_35587575_325274562.html,Irrelevant
engpass/1144815_35587577_297223387.html,Irrelevant
engpass/1144815_35587578_297223262.html,Irrelevant
engpass/1144815_35587579_238191378.html,Irrelevant
engpass/1144815_35587581_297223325.html,Irrelevant
engpass/1144815_35587583_297223419.html,Irrelevant
engpass/1144815_35587584_297223414.html,Irrelevant
engpass/1144815_35587587_297223404.html,Irrelevant
engpass/1144815_35795027_238191357.html,Irrelevant
engpass/1144815_35964259_190522608.html,Irrelevant
engpass/1144815_35964260_325274451.html,Irrelevant
engpass/1144815_35964261_192583831.html,Irrelevant
engpass/1144815_35964262_325274628.html,Irrelevant
engpass/1144815_35964263_325274679.html,Irrelevant
engpass/1144815_36105471_200808209.html,Irrelevant
engpass/1144815_36105474_192583822.html,Irrelevant
engpass/1144815_36105479_325274432.html,Irrelevant
engpass/1144815_36354896_325274420.html,Irrelevant
engpass/1144815_36354897_325274412.html,Irrelevant
engpass/1144815_36427343_325274402.html,Irrelevant
engpass/1144815_36592223_325274637.html,Irrelevant
engpass/1144815_36592224_325274692.html,Irrelevant
engpass/1144815_36723398_325274390.html,Irrelevant
engpass/1144815_36723399_325274380.html,Irrelevant
engpass/1144815_36723400_325274395.html,Irrelevant
engpass/1144815_37318721_325274368.html,Irrelevant
engpass/1144815_37492657_325274359.html,Irrelevant
engpass/1144815_40494848_325275986.html,Irrelevant
engpass/1172725_33640651_328020797.html,Attack as a service
engpass/1174819_33727738_128782298.html,Irrelevant
engpass/1174819_33733708_118618829.html,Irrelevant
engpass/1174819_33733715_118618887.html,Irrelevant
engpass/1174819_33733720_118618915.html,Irrelevant
engpass/1174819_33733734_118619095.html,Irrelevant
engpass/1175430_33761119_326014408.html,Irrelevant
engpass/1175430_33761120_326014427.html,Irrelevant
engpass/1175430_33761121_326014411.html,Irrelevant
engpass/1175430_33761122_326014435.html,Irrelevant
engpass/1175430_33761123_326014409.html,Irrelevant
engpass/1175430_34272609_326014410.html,Irrelevant
engpass/1181962_33979763_153174533.html,Irrelevant
engpass/1181962_33979914_151103589.html,Irrelevant
engpass/1181962_33979915_151103623.html,Irrelevant
engpass/1181962_33979916_151103622.html,Irrelevant
engpass/1181962_33979917_151103603.html,Irrelevant
engpass/1181962_33979918_151103642.html,Irrelevant
engpass/1181962_34498207_151103614.html,Irrelevant
engpass/1181962_34498208_151103613.html,Irrelevant
engpass/1181962_34498210_151103608.html,Irrelevant
engpass/1181962_34498211_151103625.html,Irrelevant
engpass/1181962_34498212_151103631.html,Irrelevant
engpass/1181962_34498213_151103636.html,Irrelevant
engpass/1181962_34498214_145348114.html,Irrelevant
engpass/1181962_34498215_145348119.html,Irrelevant
engpass/1181962_34498216_145348122.html,Irrelevant
engpass/1181962_34498217_145348116.html,Irrelevant
engpass/1181962_34498218_145348123.html,Irrelevant
engpass/1181962_34498219_145348126.html,Irrelevant
engpass/1181962_34498220_145348128.html,Irrelevant
engpass/1181962_34498221_145348132.html,Irrelevant
engpass/1181962_34498222_151103664.html,Irrelevant
engpass/1181962_34498223_151103669.html,Irrelevant
engpass/1181962_34498224_151103673.html,Irrelevant
engpass/1181962_34498225_151103675.html,Irrelevant
engpass/1181962_34498226_151103677.html,Irrelevant
engpass/1181962_34498227_151103679.html,Irrelevant
engpass/1181962_34498228_151103684.html,Irrelevant
engpass/1181962_34498229_151103682.html,Irrelevant
engpass/1181962_34498230_151103694.html,Irrelevant
engpass/1181962_34498231_151103686.html,Irrelevant
engpass/1181962_34498232_151103690.html,Irrelevant
engpass/1181962_34498233_151103691.html,Irrelevant
engpass/1181962_34498234_151103700.html,Irrelevant
engpass/1181962_34498235_151103695.html,Irrelevant
engpass/1181962_34498236_151103703.html,Irrelevant
engpass/1181962_34498237_151103706.html,Irrelevant
engpass/1181962_34498238_145348148.html,Irrelevant
engpass/1181962_34498239_145348151.html,Irrelevant
engpass/1181962_34498240_145348154.html,Irrelevant
engpass/1181962_34498241_145348153.html,Irrelevant
engpass/1181962_34498242_145348155.html,Irrelevant
engpass/1181962_34498243_145348156.html,Irrelevant
engpass/1181962_34583899_151103596.html,Irrelevant
engpass/1181962_34583901_151103654.html,Irrelevant
engpass/1181962_34583902_151103644.html,Irrelevant
engpass/1181962_34583904_151103647.html,Irrelevant
engpass/1181962_34583905_151103652.html,Irrelevant
engpass/1181962_34583906_151103653.html,Irrelevant
engpass/1181962_34583907_151103659.html,Irrelevant
engpass/1181962_34583908_151103661.html,Irrelevant
engpass/1181962_34583909_151103657.html,Irrelevant
engpass/1181962_34583911_151103656.html,Irrelevant
engpass/1181962_34583912_151103712.html,Irrelevant
engpass/1181962_34583913_151103708.html,Irrelevant
engpass/1181962_34583914_151103718.html,Irrelevant
engpass/1181962_34583915_151103715.html,Irrelevant
engpass/1181962_34583916_151103720.html,Irrelevant
engpass/1181962_34583917_151103721.html,Irrelevant
engpass/1181962_34583918_151103725.html,Irrelevant
engpass/1181962_34583920_151103710.html,Irrelevant
engpass/1184851_34121509_141741116.html,Irrelevant
engpass/1184851_34121655_141172008.html,Irrelevant
engpass/1184851_34121656_141172021.html,Irrelevant
engpass/1184851_34121657_141172085.html,Irrelevant
